pol_id,ceded,company
1,1.625e6,BRe
1,1.625e6,CRe
2,1.4e6,ARe
2,1.4e6,ARe
3,450000.0,CRe
3,450000.0,CRe
4,2.1e6,ARe
5,1.3e6,BRe
5,1.3e6,CRe
5,1.3e6,ARe
7,2.25e6,ARe
8,800000.0,ARe
8,800000.0,ARe
9,1.5e6,ARe
9,1.5e6,CRe
10,1.2e6,ARe
10,1.2e6,ARe
10,1.2e6,ARe
11,2.75e6,BRe
12,400000.0,BRe
12,400000.0,ARe
12,400000.0,ARe
14,2.3e6,CRe
15,925000.0,CRe
15,925000.0,BRe
16,150000.0,CRe
17,3.75e6,CRe
18,3.1e6,BRe
19,775000.0,CRe
19,775000.0,ARe
22,650000.0,BRe
23,750000.0,ARe
25,583333.3333333334,CRe
25,583333.3333333334,BRe
25,583333.3333333334,ARe
26,66666.66666666667,CRe
26,66666.66666666667,BRe
26,66666.66666666667,BRe
27,866666.6666666666,ARe
27,866666.6666666666,CRe
27,866666.6666666666,ARe
29,1.2e6,BRe
29,1.2e6,CRe
31,1.0e6,BRe
31,1.0e6,BRe
31,1.0e6,BRe
32,3.3e6,CRe
33,625000.0,BRe
33,625000.0,ARe
34,800000.0,CRe
36,666666.6666666666,BRe
36,666666.6666666666,BRe
36,666666.6666666666,ARe
37,550000.0,CRe
37,550000.0,ARe
37,550000.0,ARe
40,1.2166666666666667e6,CRe
40,1.2166666666666667e6,CRe
40,1.2166666666666667e6,ARe
41,733333.3333333334,ARe
41,733333.3333333334,CRe
41,733333.3333333334,CRe
42,950000.0,ARe
43,1.0166666666666666e6,ARe
43,1.0166666666666666e6,BRe
43,1.0166666666666666e6,BRe
44,650000.0,ARe
45,1.35e6,CRe
46,733333.3333333334,BRe
46,733333.3333333334,BRe
46,733333.3333333334,ARe
48,3.5e6,CRe
49,650000.0,BRe
49,650000.0,CRe
49,650000.0,ARe
52,875000.0,ARe
52,875000.0,BRe
53,3.65e6,CRe
54,800000.0,CRe
55,1.5e6,ARe
56,750000.0,ARe
56,750000.0,BRe
57,3.0e6,ARe
58,1.75e6,CRe
58,1.75e6,BRe
61,1.175e6,BRe
61,1.175e6,BRe
62,1.3166666666666667e6,BRe
62,1.3166666666666667e6,CRe
62,1.3166666666666667e6,BRe
63,166666.66666666666,CRe
63,166666.66666666666,ARe
63,166666.66666666666,CRe
65,1.2e6,CRe
65,1.2e6,CRe
65,1.2e6,BRe
66,1.925e6,CRe
66,1.925e6,CRe
67,1.25e6,ARe
67,1.25e6,ARe
67,1.25e6,BRe
69,1.6e6,CRe
69,1.6e6,BRe
70,1.175e6,ARe
70,1.175e6,CRe
72,2.0e6,ARe
72,2.0e6,ARe
73,50000.0,ARe
74,575000.0,BRe
74,575000.0,CRe
75,50000.0,CRe
75,50000.0,CRe
75,50000.0,BRe
76,766666.6666666666,BRe
76,766666.6666666666,CRe
76,766666.6666666666,ARe
79,100000.0,CRe
79,100000.0,BRe
79,100000.0,CRe
80,666666.6666666666,CRe
80,666666.6666666666,CRe
80,666666.6666666666,BRe
82,725000.0,CRe
82,725000.0,CRe
86,916666.6666666666,ARe
86,916666.6666666666,BRe
86,916666.6666666666,BRe
87,1.1e6,CRe
89,900000.0,BRe
89,900000.0,BRe
90,350000.0,BRe
91,1.625e6,CRe
91,1.625e6,CRe
92,1.15e6,CRe
93,450000.0,CRe
93,450000.0,ARe
95,766666.6666666666,BRe
95,766666.6666666666,CRe
95,766666.6666666666,BRe
96,2.95e6,CRe
97,1.15e6,ARe
97,1.15e6,BRe
97,1.15e6,CRe
98,1.7e6,ARe
98,1.7e6,ARe
99,1.6e6,ARe
99,1.6e6,CRe
101,900000.0,ARe
101,900000.0,BRe
103,800000.0,CRe
103,800000.0,CRe
103,800000.0,BRe
104,1.025e6,CRe
104,1.025e6,ARe
105,550000.0,BRe
105,550000.0,ARe
108,250000.0,BRe
108,250000.0,BRe
108,250000.0,ARe
112,900000.0,ARe
112,900000.0,CRe
113,1.2166666666666667e6,BRe
113,1.2166666666666667e6,CRe
113,1.2166666666666667e6,BRe
115,500000.0,ARe
118,1.2166666666666667e6,BRe
118,1.2166666666666667e6,BRe
118,1.2166666666666667e6,BRe
119,283333.3333333333,ARe
119,283333.3333333333,CRe
119,283333.3333333333,BRe
121,66666.66666666667,ARe
121,66666.66666666667,ARe
121,66666.66666666667,BRe
122,1.225e6,ARe
122,1.225e6,ARe
124,300000.0,ARe
124,300000.0,BRe
125,1.55e6,CRe
125,1.55e6,ARe
126,500000.0,ARe
126,500000.0,CRe
126,500000.0,ARe
128,1.25e6,BRe
128,1.25e6,BRe
128,1.25e6,CRe
132,866666.6666666666,CRe
132,866666.6666666666,BRe
132,866666.6666666666,BRe
133,1.05e6,ARe
134,1.1e6,ARe
134,1.1e6,ARe
134,1.1e6,ARe
135,400000.0,CRe
136,1.2166666666666667e6,ARe
136,1.2166666666666667e6,ARe
136,1.2166666666666667e6,BRe
139,1.15e6,ARe
140,300000.0,BRe
141,850000.0,CRe
141,850000.0,CRe
141,850000.0,BRe
143,550000.0,ARe
144,2.95e6,CRe
145,250000.0,CRe
145,250000.0,BRe
146,250000.0,BRe
147,825000.0,ARe
147,825000.0,BRe
149,825000.0,CRe
149,825000.0,ARe
150,1.2833333333333333e6,ARe
150,1.2833333333333333e6,ARe
150,1.2833333333333333e6,BRe
151,733333.3333333334,ARe
151,733333.3333333334,CRe
151,733333.3333333334,BRe
153,1.1666666666666667e6,CRe
153,1.1666666666666667e6,CRe
153,1.1666666666666667e6,BRe
155,3.55e6,CRe
156,3.95e6,BRe
157,800000.0,BRe
160,3.85e6,BRe
162,500000.0,CRe
164,1.75e6,BRe
166,516666.6666666667,BRe
166,516666.6666666667,BRe
166,516666.6666666667,CRe
167,3.25e6,BRe
170,2.05e6,BRe
171,775000.0,ARe
171,775000.0,CRe
172,3.45e6,CRe
173,250000.0,BRe
173,250000.0,ARe
175,1.575e6,ARe
175,1.575e6,CRe
176,400000.0,ARe
176,400000.0,CRe
177,2.65e6,BRe
180,633333.3333333334,ARe
180,633333.3333333334,BRe
180,633333.3333333334,BRe
181,1.3166666666666667e6,CRe
181,1.3166666666666667e6,BRe
181,1.3166666666666667e6,CRe
182,825000.0,CRe
182,825000.0,ARe
183,1.85e6,BRe
183,1.85e6,BRe
185,3.95e6,CRe
186,3.8e6,CRe
187,1.425e6,CRe
187,1.425e6,ARe
188,925000.0,CRe
188,925000.0,ARe
189,2.2e6,BRe
191,1.175e6,CRe
191,1.175e6,ARe
192,1.4e6,ARe
193,450000.0,BRe
193,450000.0,ARe
194,2.5e6,BRe
196,566666.6666666666,CRe
196,566666.6666666666,BRe
196,566666.6666666666,BRe
197,283333.3333333333,CRe
197,283333.3333333333,CRe
197,283333.3333333333,CRe
198,350000.0,BRe
199,550000.0,CRe
199,550000.0,CRe
200,850000.0,ARe
200,850000.0,CRe
201,25000.0,BRe
201,25000.0,BRe
202,50000.0,ARe
203,1.725e6,CRe
203,1.725e6,CRe
204,400000.0,CRe
204,400000.0,BRe
204,400000.0,BRe
205,700000.0,ARe
206,350000.0,CRe
208,500000.0,BRe
208,500000.0,ARe
209,1.825e6,BRe
209,1.825e6,ARe
211,1.825e6,CRe
211,1.825e6,CRe
214,1.675e6,ARe
214,1.675e6,BRe
216,283333.3333333333,CRe
216,283333.3333333333,ARe
216,283333.3333333333,CRe
217,1.2e6,CRe
218,416666.6666666667,ARe
218,416666.6666666667,ARe
218,416666.6666666667,ARe
219,1.95e6,CRe
219,1.95e6,BRe
220,1.625e6,ARe
220,1.625e6,ARe
221,1.125e6,ARe
221,1.125e6,CRe
223,3.85e6,CRe
224,433333.3333333333,BRe
224,433333.3333333333,ARe
224,433333.3333333333,BRe
225,3.7e6,ARe
227,1.5e6,CRe
229,266666.6666666667,CRe
229,266666.6666666667,BRe
229,266666.6666666667,ARe
230,1.75e6,CRe
230,1.75e6,BRe
234,2.45e6,CRe
235,3.05e6,ARe
236,1.625e6,BRe
236,1.625e6,ARe
237,1.25e6,ARe
238,3.85e6,BRe
239,333333.3333333333,CRe
239,333333.3333333333,BRe
239,333333.3333333333,ARe
240,100000.0,BRe
240,100000.0,BRe
241,100000.0,CRe
241,100000.0,BRe
241,100000.0,BRe
242,800000.0,ARe
244,2.95e6,ARe
245,1.275e6,BRe
245,1.275e6,CRe
246,475000.0,BRe
246,475000.0,BRe
247,1.6e6,ARe
248,1.725e6,CRe
248,1.725e6,ARe
249,866666.6666666666,CRe
249,866666.6666666666,ARe
249,866666.6666666666,ARe
251,1.875e6,ARe
251,1.875e6,BRe
252,150000.0,ARe
252,150000.0,ARe
253,50000.0,BRe
253,50000.0,ARe
254,766666.6666666666,BRe
254,766666.6666666666,CRe
254,766666.6666666666,CRe
258,950000.0,BRe
258,950000.0,CRe
259,683333.3333333334,BRe
259,683333.3333333334,CRe
259,683333.3333333334,BRe
260,975000.0,ARe
260,975000.0,CRe
261,550000.0,ARe
261,550000.0,CRe
261,550000.0,CRe
262,16666.666666666668,CRe
262,16666.666666666668,ARe
262,16666.666666666668,BRe
263,975000.0,BRe
263,975000.0,CRe
264,2.05e6,ARe
265,2.8e6,ARe
267,100000.0,BRe
268,300000.0,CRe
268,300000.0,CRe
269,83333.33333333333,BRe
269,83333.33333333333,BRe
269,83333.33333333333,CRe
270,350000.0,BRe
272,1.775e6,BRe
272,1.775e6,BRe
273,66666.66666666667,CRe
273,66666.66666666667,CRe
273,66666.66666666667,CRe
274,3.45e6,CRe
276,950000.0,CRe
276,950000.0,BRe
277,333333.3333333333,ARe
277,333333.3333333333,ARe
277,333333.3333333333,BRe
279,1.8e6,CRe
279,1.8e6,BRe
280,225000.0,CRe
280,225000.0,ARe
281,1.0833333333333333e6,ARe
281,1.0833333333333333e6,CRe
281,1.0833333333333333e6,BRe
283,1.2833333333333333e6,ARe
283,1.2833333333333333e6,ARe
283,1.2833333333333333e6,ARe
288,700000.0,CRe
289,250000.0,BRe
289,250000.0,CRe
289,250000.0,BRe
290,525000.0,CRe
290,525000.0,BRe
291,1.1833333333333333e6,CRe
291,1.1833333333333333e6,CRe
291,1.1833333333333333e6,ARe
293,1.325e6,ARe
293,1.325e6,ARe
294,1.0333333333333334e6,BRe
294,1.0333333333333334e6,CRe
294,1.0333333333333334e6,ARe
295,350000.0,CRe
296,3.4e6,ARe
297,475000.0,BRe
297,475000.0,CRe
298,1.35e6,CRe
298,1.35e6,ARe
299,2.05e6,BRe
300,300000.0,ARe
300,300000.0,CRe
300,300000.0,CRe
301,2.4e6,CRe
305,1.525e6,BRe
305,1.525e6,ARe
306,1.8e6,CRe
307,300000.0,ARe
309,1.1833333333333333e6,ARe
309,1.1833333333333333e6,CRe
309,1.1833333333333333e6,BRe
310,550000.0,CRe
310,550000.0,CRe
311,2.15e6,BRe
312,100000.0,BRe
313,25000.0,CRe
313,25000.0,BRe
314,1.05e6,BRe
315,600000.0,ARe
316,1.175e6,ARe
316,1.175e6,CRe
317,1.2e6,BRe
317,1.2e6,BRe
317,1.2e6,ARe
320,25000.0,ARe
320,25000.0,CRe
321,600000.0,BRe
321,600000.0,CRe
323,1.55e6,CRe
324,1.35e6,BRe
324,1.35e6,BRe
326,3.05e6,CRe
327,3.95e6,ARe
328,1.65e6,CRe
329,3.4e6,BRe
330,1.1e6,CRe
330,1.1e6,BRe
331,1.2166666666666667e6,BRe
331,1.2166666666666667e6,BRe
331,1.2166666666666667e6,CRe
332,1.25e6,BRe
332,1.25e6,BRe
332,1.25e6,ARe
333,466666.6666666667,CRe
333,466666.6666666667,ARe
333,466666.6666666667,ARe
334,1.475e6,CRe
334,1.475e6,CRe
335,16666.666666666668,ARe
335,16666.666666666668,CRe
335,16666.666666666668,ARe
337,3.2e6,CRe
338,3.05e6,BRe
339,3.1e6,CRe
340,650000.0,ARe
341,366666.6666666667,ARe
341,366666.6666666667,ARe
341,366666.6666666667,ARe
342,100000.0,CRe
342,100000.0,ARe
343,3.0e6,ARe
344,3.0e6,BRe
345,1.225e6,BRe
345,1.225e6,ARe
346,1.05e6,BRe
346,1.05e6,BRe
346,1.05e6,ARe
347,1.0333333333333334e6,CRe
347,1.0333333333333334e6,BRe
347,1.0333333333333334e6,CRe
351,1.875e6,BRe
351,1.875e6,BRe
352,2.8e6,BRe
353,900000.0,BRe
354,533333.3333333334,ARe
354,533333.3333333334,CRe
354,533333.3333333334,BRe
355,675000.0,BRe
355,675000.0,CRe
356,1.95e6,ARe
359,550000.0,ARe
359,550000.0,BRe
360,1.3e6,ARe
361,400000.0,BRe
361,400000.0,ARe
362,1.2166666666666667e6,CRe
362,1.2166666666666667e6,ARe
362,1.2166666666666667e6,BRe
363,650000.0,ARe
363,650000.0,BRe
364,1.425e6,CRe
364,1.425e6,BRe
365,300000.0,CRe
367,1.0333333333333334e6,BRe
367,1.0333333333333334e6,CRe
367,1.0333333333333334e6,CRe
368,750000.0,BRe
368,750000.0,BRe
368,750000.0,BRe
370,2.2e6,CRe
371,1.1e6,BRe
371,1.1e6,BRe
371,1.1e6,BRe
372,1.925e6,CRe
372,1.925e6,BRe
374,900000.0,CRe
376,1.6e6,ARe
376,1.6e6,BRe
377,1.325e6,CRe
377,1.325e6,BRe
378,1.15e6,BRe
379,2.9e6,CRe
380,900000.0,ARe
381,175000.0,CRe
381,175000.0,ARe
384,500000.0,BRe
384,500000.0,BRe
385,1.2e6,BRe
385,1.2e6,CRe
386,1.55e6,CRe
386,1.55e6,CRe
387,3.85e6,CRe
388,1.75e6,BRe
388,1.75e6,BRe
390,3.9e6,ARe
391,433333.3333333333,CRe
391,433333.3333333333,ARe
391,433333.3333333333,BRe
394,225000.0,ARe
394,225000.0,CRe
396,1.95e6,BRe
396,1.95e6,CRe
398,1.6e6,ARe
398,1.6e6,BRe
399,3.45e6,BRe
400,516666.6666666667,CRe
400,516666.6666666667,BRe
400,516666.6666666667,CRe
402,2.95e6,BRe
404,350000.0,CRe
404,350000.0,CRe
406,183333.33333333334,CRe
406,183333.33333333334,ARe
406,183333.33333333334,CRe
407,666666.6666666666,ARe
407,666666.6666666666,BRe
407,666666.6666666666,ARe
409,683333.3333333334,ARe
409,683333.3333333334,ARe
409,683333.3333333334,CRe
410,950000.0,BRe
410,950000.0,ARe
410,950000.0,CRe
412,3.75e6,ARe
413,1.6e6,CRe
414,325000.0,ARe
414,325000.0,ARe
415,675000.0,ARe
415,675000.0,CRe
416,1.325e6,BRe
416,1.325e6,ARe
417,1.675e6,ARe
417,1.675e6,ARe
418,50000.0,CRe
418,50000.0,BRe
421,516666.6666666667,ARe
421,516666.6666666667,ARe
421,516666.6666666667,BRe
422,750000.0,BRe
423,300000.0,ARe
423,300000.0,ARe
424,1.525e6,ARe
424,1.525e6,CRe
425,3.65e6,CRe
426,3.0e6,ARe
427,3.85e6,BRe
430,116666.66666666667,CRe
430,116666.66666666667,CRe
430,116666.66666666667,CRe
431,1.725e6,ARe
431,1.725e6,CRe
432,266666.6666666667,BRe
432,266666.6666666667,CRe
432,266666.6666666667,CRe
434,3.05e6,ARe
435,1.225e6,ARe
435,1.225e6,CRe
439,1.0e6,CRe
439,1.0e6,BRe
440,650000.0,BRe
442,1.8e6,ARe
443,100000.0,ARe
444,1.05e6,CRe
445,1.05e6,CRe
446,3.55e6,CRe
448,3.6e6,ARe
450,900000.0,BRe
450,900000.0,CRe
450,900000.0,ARe
451,466666.6666666667,CRe
451,466666.6666666667,ARe
451,466666.6666666667,CRe
452,816666.6666666666,ARe
452,816666.6666666666,ARe
452,816666.6666666666,CRe
453,1.3e6,CRe
454,3.65e6,CRe
455,1.85e6,BRe
455,1.85e6,CRe
456,783333.3333333334,BRe
456,783333.3333333334,ARe
456,783333.3333333334,ARe
458,1.15e6,BRe
458,1.15e6,ARe
458,1.15e6,CRe
459,650000.0,CRe
459,650000.0,BRe
459,650000.0,CRe
460,283333.3333333333,ARe
460,283333.3333333333,BRe
460,283333.3333333333,BRe
462,1.4e6,CRe
464,1.45e6,BRe
466,1.1166666666666667e6,ARe
466,1.1166666666666667e6,CRe
466,1.1166666666666667e6,BRe
467,2.1e6,ARe
468,600000.0,ARe
468,600000.0,BRe
470,375000.0,CRe
470,375000.0,CRe
472,1.6e6,ARe
472,1.6e6,ARe
473,766666.6666666666,BRe
473,766666.6666666666,CRe
473,766666.6666666666,BRe
474,675000.0,BRe
474,675000.0,BRe
476,400000.0,ARe
476,400000.0,ARe
476,400000.0,ARe
477,400000.0,ARe
477,400000.0,BRe
477,400000.0,CRe
478,900000.0,ARe
478,900000.0,BRe
479,3.65e6,CRe
480,1.575e6,ARe
480,1.575e6,BRe
481,1.35e6,ARe
482,150000.0,BRe
482,150000.0,BRe
483,700000.0,CRe
483,700000.0,CRe
483,700000.0,ARe
484,833333.3333333334,BRe
484,833333.3333333334,ARe
484,833333.3333333334,CRe
486,1.375e6,ARe
486,1.375e6,ARe
487,450000.0,ARe
487,450000.0,CRe
489,850000.0,BRe
490,150000.0,CRe
490,150000.0,BRe
494,466666.6666666667,BRe
494,466666.6666666667,CRe
494,466666.6666666667,CRe
497,50000.0,CRe
498,525000.0,BRe
498,525000.0,CRe
499,1.2333333333333333e6,BRe
499,1.2333333333333333e6,BRe
499,1.2333333333333333e6,BRe
502,733333.3333333334,CRe
502,733333.3333333334,ARe
502,733333.3333333334,ARe
504,1.725e6,ARe
504,1.725e6,BRe
505,350000.0,BRe
506,3.8e6,ARe
507,200000.0,BRe
507,200000.0,ARe
508,625000.0,ARe
508,625000.0,ARe
509,3.35e6,ARe
510,1.2e6,BRe
510,1.2e6,BRe
510,1.2e6,BRe
512,3.0e6,CRe
513,250000.0,BRe
513,250000.0,CRe
513,250000.0,BRe
514,775000.0,CRe
514,775000.0,BRe
515,2.4e6,CRe
516,350000.0,BRe
516,350000.0,ARe
516,350000.0,BRe
518,550000.0,BRe
518,550000.0,CRe
518,550000.0,CRe
519,2.75e6,ARe
520,1.9e6,CRe
520,1.9e6,ARe
521,1.0666666666666667e6,CRe
521,1.0666666666666667e6,ARe
521,1.0666666666666667e6,ARe
523,225000.0,BRe
523,225000.0,ARe
527,2.45e6,ARe
528,33333.333333333336,BRe
528,33333.333333333336,ARe
528,33333.333333333336,BRe
529,300000.0,CRe
530,1.6e6,BRe
530,1.6e6,ARe
531,533333.3333333334,ARe
531,533333.3333333334,ARe
531,533333.3333333334,BRe
532,150000.0,ARe
532,150000.0,BRe
534,1.225e6,ARe
534,1.225e6,CRe
535,425000.0,CRe
535,425000.0,BRe
537,1.2166666666666667e6,BRe
537,1.2166666666666667e6,BRe
537,1.2166666666666667e6,ARe
538,1.75e6,BRe
538,1.75e6,CRe
541,3.5e6,ARe
542,233333.33333333334,CRe
542,233333.33333333334,ARe
542,233333.33333333334,ARe
545,75000.0,BRe
545,75000.0,ARe
546,900000.0,ARe
547,1.775e6,CRe
547,1.775e6,ARe
551,1.175e6,CRe
551,1.175e6,ARe
552,3.3e6,ARe
555,1.2e6,CRe
556,600000.0,BRe
556,600000.0,BRe
557,1.45e6,BRe
557,1.45e6,ARe
558,183333.33333333334,ARe
558,183333.33333333334,ARe
558,183333.33333333334,ARe
559,525000.0,BRe
559,525000.0,CRe
560,1.625e6,ARe
560,1.625e6,ARe
562,1.2e6,CRe
563,1.7e6,BRe
566,1.4e6,ARe
568,366666.6666666667,CRe
568,366666.6666666667,ARe
568,366666.6666666667,BRe
569,550000.0,CRe
569,550000.0,BRe
571,75000.0,ARe
571,75000.0,CRe
572,425000.0,CRe
572,425000.0,BRe
573,950000.0,CRe
573,950000.0,CRe
573,950000.0,CRe
574,850000.0,ARe
576,300000.0,BRe
576,300000.0,BRe
576,300000.0,ARe
577,1.2e6,CRe
578,300000.0,BRe
578,300000.0,BRe
578,300000.0,BRe
579,1.925e6,BRe
579,1.925e6,BRe
581,1.125e6,ARe
581,1.125e6,ARe
582,1.45e6,CRe
583,1.2e6,BRe
584,966666.6666666666,CRe
584,966666.6666666666,BRe
584,966666.6666666666,BRe
586,1.15e6,CRe
586,1.15e6,BRe
588,675000.0,ARe
588,675000.0,ARe
589,3.45e6,ARe
590,1.35e6,CRe
590,1.35e6,CRe
591,1.1e6,CRe
592,700000.0,ARe
593,350000.0,CRe
593,350000.0,ARe
594,700000.0,ARe
595,1.0666666666666667e6,CRe
595,1.0666666666666667e6,ARe
595,1.0666666666666667e6,CRe
596,850000.0,CRe
596,850000.0,ARe
597,1.2333333333333333e6,ARe
597,1.2333333333333333e6,CRe
597,1.2333333333333333e6,CRe
598,1.1e6,ARe
599,1.1e6,ARe
599,1.1e6,BRe
599,1.1e6,CRe
600,25000.0,BRe
600,25000.0,BRe
601,1.0833333333333333e6,BRe
601,1.0833333333333333e6,BRe
601,1.0833333333333333e6,ARe
602,1.825e6,ARe
602,1.825e6,ARe
603,2.4e6,BRe
604,850000.0,ARe
607,216666.66666666666,ARe
607,216666.66666666666,ARe
607,216666.66666666666,BRe
609,1.1166666666666667e6,ARe
609,1.1166666666666667e6,ARe
609,1.1166666666666667e6,BRe
610,616666.6666666666,ARe
610,616666.6666666666,BRe
610,616666.6666666666,ARe
611,2.45e6,CRe
612,300000.0,ARe
612,300000.0,CRe
612,300000.0,ARe
613,425000.0,CRe
613,425000.0,CRe
614,683333.3333333334,CRe
614,683333.3333333334,BRe
614,683333.3333333334,CRe
616,3.4e6,ARe
617,1.6e6,ARe
618,1.85e6,CRe
618,1.85e6,ARe
619,2.5e6,ARe
620,2.55e6,ARe
621,475000.0,ARe
621,475000.0,CRe
626,3.75e6,CRe
627,800000.0,CRe
627,800000.0,BRe
627,800000.0,BRe
628,1.85e6,CRe
629,25000.0,ARe
629,25000.0,CRe
630,2.15e6,CRe
631,2.0e6,BRe
632,1.95e6,ARe
633,2.85e6,CRe
634,3.95e6,CRe
637,2.7e6,ARe
639,1.55e6,CRe
640,1.775e6,CRe
640,1.775e6,CRe
641,3.9e6,CRe
642,716666.6666666666,ARe
642,716666.6666666666,ARe
642,716666.6666666666,BRe
643,1.85e6,ARe
644,316666.6666666667,CRe
644,316666.6666666667,BRe
644,316666.6666666667,CRe
645,850000.0,CRe
645,850000.0,CRe
645,850000.0,CRe
646,316666.6666666667,CRe
646,316666.6666666667,ARe
646,316666.6666666667,CRe
647,1.2e6,CRe
648,550000.0,CRe
648,550000.0,CRe
649,1.1666666666666667e6,ARe
649,1.1666666666666667e6,CRe
649,1.1666666666666667e6,ARe
651,3.4e6,ARe
653,1.375e6,CRe
653,1.375e6,ARe
654,1.2e6,ARe
654,1.2e6,CRe
655,916666.6666666666,BRe
655,916666.6666666666,CRe
655,916666.6666666666,BRe
656,1.2166666666666667e6,ARe
656,1.2166666666666667e6,ARe
656,1.2166666666666667e6,BRe
659,583333.3333333334,CRe
659,583333.3333333334,ARe
659,583333.3333333334,BRe
660,3.0e6,BRe
661,450000.0,ARe
661,450000.0,ARe
663,1.375e6,BRe
663,1.375e6,BRe
664,950000.0,BRe
665,925000.0,CRe
665,925000.0,ARe
666,150000.0,CRe
667,1.0333333333333334e6,CRe
667,1.0333333333333334e6,BRe
667,1.0333333333333334e6,BRe
672,150000.0,CRe
672,150000.0,BRe
673,633333.3333333334,BRe
673,633333.3333333334,BRe
673,633333.3333333334,CRe
674,3.8e6,ARe
676,875000.0,ARe
676,875000.0,CRe
678,950000.0,BRe
678,950000.0,BRe
679,3.8e6,ARe
680,275000.0,BRe
680,275000.0,BRe
681,583333.3333333334,CRe
681,583333.3333333334,ARe
681,583333.3333333334,CRe
682,533333.3333333334,BRe
682,533333.3333333334,BRe
682,533333.3333333334,BRe
683,516666.6666666667,BRe
683,516666.6666666667,BRe
683,516666.6666666667,ARe
686,225000.0,ARe
686,225000.0,ARe
687,1.05e6,BRe
689,2.0e6,BRe
691,1.0833333333333333e6,CRe
691,1.0833333333333333e6,ARe
691,1.0833333333333333e6,CRe
692,75000.0,CRe
692,75000.0,ARe
693,3.05e6,BRe
695,1.05e6,BRe
695,1.05e6,ARe
696,83333.33333333333,ARe
696,83333.33333333333,CRe
696,83333.33333333333,BRe
699,1.3e6,ARe
699,1.3e6,BRe
700,1.85e6,CRe
700,1.85e6,BRe
701,966666.6666666666,ARe
701,966666.6666666666,CRe
701,966666.6666666666,CRe
702,1.5e6,BRe
702,1.5e6,ARe
704,1.15e6,BRe
705,283333.3333333333,CRe
705,283333.3333333333,CRe
705,283333.3333333333,CRe
706,975000.0,BRe
706,975000.0,ARe
707,1.5e6,BRe
708,3.3e6,ARe
709,600000.0,BRe
710,1.75e6,CRe
710,1.75e6,ARe
712,166666.66666666666,BRe
712,166666.66666666666,BRe
712,166666.66666666666,BRe
713,1.6e6,BRe
714,3.05e6,BRe
715,3.5e6,CRe
716,2.3e6,CRe
718,233333.33333333334,BRe
718,233333.33333333334,ARe
718,233333.33333333334,BRe
719,1.0666666666666667e6,CRe
719,1.0666666666666667e6,CRe
719,1.0666666666666667e6,ARe
720,400000.0,CRe
720,400000.0,ARe
720,400000.0,CRe
721,650000.0,ARe
722,1.225e6,CRe
722,1.225e6,CRe
724,250000.0,CRe
726,700000.0,ARe
728,150000.0,BRe
728,150000.0,BRe
728,150000.0,BRe
729,1.1833333333333333e6,BRe
729,1.1833333333333333e6,CRe
729,1.1833333333333333e6,ARe
730,1.2166666666666667e6,CRe
730,1.2166666666666667e6,CRe
730,1.2166666666666667e6,BRe
731,883333.3333333334,CRe
731,883333.3333333334,BRe
731,883333.3333333334,ARe
732,366666.6666666667,CRe
732,366666.6666666667,BRe
732,366666.6666666667,ARe
736,900000.0,BRe
736,900000.0,BRe
736,900000.0,ARe
737,1.7e6,CRe
738,2.7e6,BRe
740,800000.0,ARe
740,800000.0,CRe
740,800000.0,BRe
741,600000.0,ARe
742,1.25e6,BRe
744,833333.3333333334,BRe
744,833333.3333333334,CRe
744,833333.3333333334,CRe
745,133333.33333333334,ARe
745,133333.33333333334,ARe
745,133333.33333333334,BRe
746,1.525e6,ARe
746,1.525e6,ARe
748,675000.0,CRe
748,675000.0,BRe
749,1.5e6,BRe
749,1.5e6,ARe
750,1.1e6,ARe
752,800000.0,CRe
752,800000.0,ARe
753,200000.0,BRe
753,200000.0,BRe
753,200000.0,BRe
754,2.4e6,BRe
758,425000.0,CRe
758,425000.0,ARe
759,1.575e6,BRe
759,1.575e6,CRe
760,25000.0,BRe
760,25000.0,ARe
761,1.55e6,ARe
762,3.4e6,CRe
763,1.1e6,CRe
764,300000.0,CRe
764,300000.0,CRe
764,300000.0,CRe
765,100000.0,CRe
765,100000.0,CRe
766,150000.0,CRe
769,866666.6666666666,ARe
769,866666.6666666666,ARe
769,866666.6666666666,CRe
770,50000.0,BRe
771,1.1166666666666667e6,CRe
771,1.1166666666666667e6,ARe
771,1.1166666666666667e6,BRe
772,150000.0,BRe
773,1.8e6,CRe
774,1.925e6,CRe
774,1.925e6,CRe
775,666666.6666666666,ARe
775,666666.6666666666,BRe
775,666666.6666666666,BRe
776,833333.3333333334,BRe
776,833333.3333333334,ARe
776,833333.3333333334,CRe
777,625000.0,BRe
777,625000.0,BRe
778,3.55e6,CRe
782,50000.0,BRe
782,50000.0,BRe
783,3.95e6,ARe
785,450000.0,CRe
787,3.9e6,ARe
788,1.95e6,ARe
789,200000.0,CRe
789,200000.0,ARe
789,200000.0,CRe
791,1.75e6,ARe
792,1.4e6,BRe
792,1.4e6,CRe
794,475000.0,CRe
794,475000.0,CRe
795,900000.0,BRe
795,900000.0,ARe
796,75000.0,ARe
796,75000.0,BRe
797,983333.3333333334,BRe
797,983333.3333333334,ARe
797,983333.3333333334,ARe
798,3.95e6,ARe
799,1.075e6,ARe
799,1.075e6,CRe
801,50000.0,BRe
801,50000.0,CRe
801,50000.0,BRe
802,250000.0,BRe
802,250000.0,CRe
802,250000.0,CRe
803,1.2166666666666667e6,ARe
803,1.2166666666666667e6,CRe
803,1.2166666666666667e6,BRe
804,1.4e6,BRe
804,1.4e6,ARe
805,1.4e6,CRe
806,700000.0,BRe
806,700000.0,BRe
807,166666.66666666666,ARe
807,166666.66666666666,BRe
807,166666.66666666666,ARe
808,933333.3333333334,ARe
808,933333.3333333334,CRe
808,933333.3333333334,ARe
811,1.825e6,BRe
811,1.825e6,ARe
815,1.95e6,ARe
816,1.8e6,ARe
816,1.8e6,ARe
818,1.5e6,ARe
818,1.5e6,BRe
819,950000.0,CRe
820,166666.66666666666,CRe
820,166666.66666666666,BRe
820,166666.66666666666,CRe
821,850000.0,CRe
821,850000.0,BRe
822,100000.0,BRe
823,1.0e6,BRe
824,1.9e6,CRe
825,700000.0,ARe
827,1.75e6,ARe
827,1.75e6,BRe
828,1.15e6,BRe
830,366666.6666666667,ARe
830,366666.6666666667,ARe
830,366666.6666666667,BRe
831,183333.33333333334,ARe
831,183333.33333333334,CRe
831,183333.33333333334,ARe
834,75000.0,ARe
834,75000.0,BRe
835,183333.33333333334,CRe
835,183333.33333333334,BRe
835,183333.33333333334,BRe
836,416666.6666666667,ARe
836,416666.6666666667,ARe
836,416666.6666666667,ARe
837,1.625e6,BRe
837,1.625e6,CRe
838,1.55e6,CRe
838,1.55e6,BRe
839,1.1e6,ARe
839,1.1e6,CRe
839,1.1e6,BRe
840,825000.0,CRe
840,825000.0,BRe
841,450000.0,CRe
842,2.1e6,CRe
843,1.825e6,CRe
843,1.825e6,ARe
844,550000.0,BRe
849,3.1e6,BRe
851,400000.0,ARe
853,1.5e6,ARe
854,2.25e6,BRe
855,650000.0,ARe
856,700000.0,ARe
856,700000.0,ARe
856,700000.0,ARe
857,900000.0,CRe
858,325000.0,ARe
858,325000.0,BRe
860,500000.0,BRe
860,500000.0,CRe
863,766666.6666666666,CRe
863,766666.6666666666,CRe
863,766666.6666666666,BRe
864,1.1333333333333333e6,CRe
864,1.1333333333333333e6,BRe
864,1.1333333333333333e6,BRe
866,3.5e6,CRe
869,300000.0,BRe
870,750000.0,ARe
870,750000.0,BRe
871,400000.0,BRe
872,100000.0,ARe
872,100000.0,ARe
874,1.575e6,BRe
874,1.575e6,BRe
875,1.125e6,ARe
875,1.125e6,ARe
876,466666.6666666667,ARe
876,466666.6666666667,BRe
876,466666.6666666667,ARe
877,183333.33333333334,BRe
877,183333.33333333334,ARe
877,183333.33333333334,CRe
878,916666.6666666666,BRe
878,916666.6666666666,CRe
878,916666.6666666666,ARe
880,800000.0,CRe
881,16666.666666666668,CRe
881,16666.666666666668,CRe
881,16666.666666666668,BRe
882,566666.6666666666,ARe
882,566666.6666666666,BRe
882,566666.6666666666,ARe
884,750000.0,BRe
885,1.35e6,CRe
886,700000.0,BRe
888,1.0166666666666666e6,BRe
888,1.0166666666666666e6,BRe
888,1.0166666666666666e6,CRe
891,1.85e6,CRe
891,1.85e6,CRe
893,750000.0,ARe
893,750000.0,BRe
893,750000.0,BRe
894,266666.6666666667,CRe
894,266666.6666666667,CRe
894,266666.6666666667,CRe
895,1.2666666666666667e6,ARe
895,1.2666666666666667e6,BRe
895,1.2666666666666667e6,CRe
896,375000.0,CRe
896,375000.0,CRe
897,1.35e6,BRe
898,200000.0,CRe
898,200000.0,CRe
898,200000.0,BRe
900,2.0e6,ARe
900,2.0e6,CRe
901,233333.33333333334,ARe
901,233333.33333333334,BRe
901,233333.33333333334,CRe
902,2.1e6,BRe
903,100000.0,BRe
904,2.35e6,CRe
905,1.85e6,ARe
905,1.85e6,BRe
908,925000.0,BRe
908,925000.0,BRe
909,600000.0,CRe
910,1.1e6,ARe
911,1.1833333333333333e6,ARe
911,1.1833333333333333e6,ARe
911,1.1833333333333333e6,BRe
913,1.1e6,BRe
913,1.1e6,CRe
913,1.1e6,BRe
914,1.2e6,ARe
914,1.2e6,ARe
915,600000.0,ARe
916,900000.0,BRe
918,1.975e6,ARe
918,1.975e6,BRe
919,2.35e6,CRe
920,3.8e6,BRe
921,2.6e6,BRe
922,1.425e6,CRe
922,1.425e6,ARe
924,750000.0,ARe
924,750000.0,BRe
925,983333.3333333334,CRe
925,983333.3333333334,ARe
925,983333.3333333334,CRe
927,1.9e6,BRe
928,516666.6666666667,CRe
928,516666.6666666667,BRe
928,516666.6666666667,BRe
930,2.6e6,BRe
931,350000.0,ARe
931,350000.0,ARe
931,350000.0,ARe
932,1.1166666666666667e6,ARe
932,1.1166666666666667e6,ARe
932,1.1166666666666667e6,CRe
935,316666.6666666667,CRe
935,316666.6666666667,CRe
935,316666.6666666667,CRe
937,1.05e6,BRe
937,1.05e6,ARe
937,1.05e6,BRe
939,2.0e6,CRe
939,2.0e6,BRe
940,200000.0,ARe
940,200000.0,ARe
940,200000.0,ARe
942,2.35e6,CRe
943,1.2e6,BRe
943,1.2e6,BRe
944,1.2333333333333333e6,ARe
944,1.2333333333333333e6,CRe
944,1.2333333333333333e6,ARe
947,233333.33333333334,ARe
947,233333.33333333334,ARe
947,233333.33333333334,ARe
948,1.55e6,CRe
948,1.55e6,CRe
949,416666.6666666667,BRe
949,416666.6666666667,ARe
949,416666.6666666667,CRe
950,3.3e6,BRe
952,950000.0,ARe
952,950000.0,CRe
952,950000.0,BRe
953,1.25e6,BRe
953,1.25e6,ARe
954,850000.0,CRe
954,850000.0,ARe
954,850000.0,ARe
955,3.25e6,CRe
958,100000.0,CRe
958,100000.0,ARe
960,1.3333333333333333e6,CRe
960,1.3333333333333333e6,BRe
960,1.3333333333333333e6,ARe
961,2.3e6,ARe
962,1.25e6,CRe
962,1.25e6,CRe
962,1.25e6,BRe
964,1.2e6,BRe
965,3.7e6,CRe
966,300000.0,CRe
966,300000.0,BRe
966,300000.0,CRe
967,333333.3333333333,CRe
967,333333.3333333333,BRe
967,333333.3333333333,BRe
969,1.075e6,CRe
969,1.075e6,ARe
970,1.7e6,CRe
970,1.7e6,CRe
971,633333.3333333334,BRe
971,633333.3333333334,CRe
971,633333.3333333334,ARe
972,875000.0,ARe
972,875000.0,ARe
973,50000.0,ARe
974,250000.0,BRe
974,250000.0,ARe
974,250000.0,ARe
975,725000.0,BRe
975,725000.0,CRe
977,3.85e6,BRe
978,1.45e6,BRe
978,1.45e6,ARe
979,1.1666666666666667e6,BRe
979,1.1666666666666667e6,CRe
979,1.1666666666666667e6,ARe
980,400000.0,CRe
980,400000.0,BRe
980,400000.0,BRe
981,600000.0,ARe
981,600000.0,BRe
982,1.3333333333333333e6,ARe
982,1.3333333333333333e6,BRe
982,1.3333333333333333e6,BRe
983,483333.3333333333,BRe
983,483333.3333333333,ARe
983,483333.3333333333,CRe
984,1.425e6,ARe
984,1.425e6,BRe
986,366666.6666666667,BRe
986,366666.6666666667,ARe
986,366666.6666666667,BRe
987,100000.0,ARe
990,1.8e6,ARe
990,1.8e6,BRe
991,1.9e6,ARe
992,1.875e6,ARe
992,1.875e6,BRe
994,2.3e6,ARe
995,1.1166666666666667e6,CRe
995,1.1166666666666667e6,ARe
995,1.1166666666666667e6,BRe
996,1.8e6,CRe
998,900000.0,CRe
998,900000.0,BRe
999,200000.0,ARe
999,200000.0,ARe
1000,1.675e6,CRe
1000,1.675e6,ARe
1001,1.5e6,CRe
1002,433333.3333333333,BRe
1002,433333.3333333333,CRe
1002,433333.3333333333,ARe
1003,625000.0,BRe
1003,625000.0,CRe
1004,3.5e6,CRe
1005,550000.0,BRe
1005,550000.0,ARe
1006,975000.0,BRe
1006,975000.0,ARe
1008,1.3e6,BRe
1009,1.425e6,BRe
1009,1.425e6,CRe
1010,1.3e6,CRe
1010,1.3e6,ARe
1011,2.1e6,CRe
1012,2.35e6,ARe
1013,425000.0,CRe
1013,425000.0,BRe
1014,1.1166666666666667e6,CRe
1014,1.1166666666666667e6,CRe
1014,1.1166666666666667e6,CRe
1015,3.0e6,BRe
1016,233333.33333333334,ARe
1016,233333.33333333334,BRe
1016,233333.33333333334,ARe
1018,1.55e6,CRe
1018,1.55e6,CRe
1019,1.3e6,ARe
1021,100000.0,CRe
1021,100000.0,BRe
1022,933333.3333333334,ARe
1022,933333.3333333334,BRe
1022,933333.3333333334,ARe
1023,3.8e6,BRe
1024,1.725e6,CRe
1024,1.725e6,BRe
1026,50000.0,CRe
1026,50000.0,CRe
1028,425000.0,BRe
1028,425000.0,ARe
1029,466666.6666666667,CRe
1029,466666.6666666667,CRe
1029,466666.6666666667,ARe
1030,3.05e6,CRe
1031,3.65e6,BRe
1033,83333.33333333333,ARe
1033,83333.33333333333,CRe
1033,83333.33333333333,ARe
1034,500000.0,ARe
1035,625000.0,CRe
1035,625000.0,ARe
1036,2.15e6,CRe
1037,425000.0,BRe
1037,425000.0,ARe
1038,575000.0,CRe
1038,575000.0,BRe
1039,3.1e6,ARe
1040,133333.33333333334,ARe
1040,133333.33333333334,BRe
1040,133333.33333333334,BRe
1041,283333.3333333333,CRe
1041,283333.3333333333,BRe
1041,283333.3333333333,CRe
1044,583333.3333333334,CRe
1044,583333.3333333334,BRe
1044,583333.3333333334,CRe
1045,2.5e6,ARe
1046,3.3e6,ARe
1048,1.15e6,BRe
1048,1.15e6,CRe
1049,1.55e6,CRe
1052,3.5e6,ARe
1053,875000.0,BRe
1053,875000.0,BRe
1056,650000.0,ARe
1057,1.35e6,BRe
1060,516666.6666666667,BRe
1060,516666.6666666667,ARe
1060,516666.6666666667,ARe
1061,1.725e6,CRe
1061,1.725e6,BRe
1063,700000.0,BRe
1063,700000.0,BRe
1064,33333.333333333336,ARe
1064,33333.333333333336,BRe
1064,33333.333333333336,BRe
1066,1.8e6,CRe
1066,1.8e6,ARe
1067,425000.0,ARe
1067,425000.0,BRe
1068,1.1833333333333333e6,ARe
1068,1.1833333333333333e6,BRe
1068,1.1833333333333333e6,BRe
1069,350000.0,ARe
1069,350000.0,CRe
1069,350000.0,BRe
1070,1.05e6,CRe
1070,1.05e6,BRe
1071,950000.0,ARe
1071,950000.0,CRe
1071,950000.0,BRe
1072,750000.0,ARe
1072,750000.0,CRe
1073,1.1e6,CRe
1073,1.1e6,BRe
1073,1.1e6,CRe
1074,50000.0,CRe
1074,50000.0,BRe
1074,50000.0,ARe
1076,250000.0,ARe
1078,1.1833333333333333e6,BRe
1078,1.1833333333333333e6,CRe
1078,1.1833333333333333e6,BRe
1079,3.95e6,ARe
1080,1.15e6,CRe
1081,183333.33333333334,BRe
1081,183333.33333333334,CRe
1081,183333.33333333334,BRe
1082,50000.0,CRe
1083,3.65e6,ARe
1085,1.85e6,BRe
1086,1.8e6,BRe
1087,1.85e6,BRe
1089,625000.0,CRe
1089,625000.0,BRe
1092,675000.0,ARe
1092,675000.0,BRe
1093,1.95e6,CRe
1093,1.95e6,CRe
1094,3.3e6,BRe
1095,1.05e6,BRe
1095,1.05e6,ARe
1097,3.8e6,BRe
1098,266666.6666666667,BRe
1098,266666.6666666667,ARe
1098,266666.6666666667,CRe
1099,525000.0,BRe
1099,525000.0,CRe
1101,700000.0,CRe
1101,700000.0,ARe
1101,700000.0,BRe
1102,1.125e6,ARe
1102,1.125e6,CRe
1103,16666.666666666668,BRe
1103,16666.666666666668,ARe
1103,16666.666666666668,ARe
1104,150000.0,ARe
1104,150000.0,ARe
1104,150000.0,CRe
1105,875000.0,ARe
1105,875000.0,ARe
1108,1.0666666666666667e6,BRe
1108,1.0666666666666667e6,ARe
1108,1.0666666666666667e6,CRe
1109,1.25e6,ARe
1110,250000.0,BRe
1111,433333.3333333333,CRe
1111,433333.3333333333,ARe
1111,433333.3333333333,CRe
1112,575000.0,BRe
1112,575000.0,ARe
1113,1.0e6,CRe
1114,725000.0,CRe
1114,725000.0,BRe
1115,300000.0,ARe
1115,300000.0,BRe
1115,300000.0,ARe
1116,750000.0,BRe
1116,750000.0,CRe
1116,750000.0,CRe
1117,2.25e6,CRe
1118,1.7e6,CRe
1118,1.7e6,ARe
1119,433333.3333333333,ARe
1119,433333.3333333333,CRe
1119,433333.3333333333,BRe
1122,283333.3333333333,BRe
1122,283333.3333333333,ARe
1122,283333.3333333333,ARe
1123,2.05e6,ARe
1124,1.35e6,CRe
1124,1.35e6,BRe
1125,550000.0,BRe
1126,33333.333333333336,ARe
1126,33333.333333333336,BRe
1126,33333.333333333336,ARe
1127,316666.6666666667,ARe
1127,316666.6666666667,ARe
1127,316666.6666666667,ARe
1128,1.075e6,BRe
1128,1.075e6,CRe
1129,600000.0,CRe
1130,833333.3333333334,BRe
1130,833333.3333333334,CRe
1130,833333.3333333334,ARe
1131,1.6e6,CRe
1132,100000.0,CRe
1134,616666.6666666666,BRe
1134,616666.6666666666,ARe
1134,616666.6666666666,CRe
1135,500000.0,BRe
1136,1.75e6,CRe
1138,700000.0,CRe
1138,700000.0,ARe
1138,700000.0,CRe
1139,575000.0,ARe
1139,575000.0,BRe
1140,816666.6666666666,ARe
1140,816666.6666666666,ARe
1140,816666.6666666666,CRe
1142,1.1e6,BRe
1143,2.35e6,BRe
1145,375000.0,ARe
1145,375000.0,CRe
1146,650000.0,BRe
1146,650000.0,CRe
1146,650000.0,ARe
1150,1.3e6,CRe
1150,1.3e6,BRe
1150,1.3e6,ARe
1151,800000.0,ARe
1151,800000.0,BRe
1152,3.95e6,ARe
1154,1.3333333333333333e6,CRe
1154,1.3333333333333333e6,CRe
1154,1.3333333333333333e6,CRe
1155,1.65e6,ARe
1156,1.225e6,CRe
1156,1.225e6,ARe
1157,466666.6666666667,BRe
1157,466666.6666666667,ARe
1157,466666.6666666667,CRe
1160,1.2166666666666667e6,BRe
1160,1.2166666666666667e6,ARe
1160,1.2166666666666667e6,BRe
1161,1.1e6,CRe
1161,1.1e6,BRe
1161,1.1e6,CRe
1162,850000.0,BRe
1162,850000.0,BRe
1163,250000.0,ARe
1163,250000.0,CRe
1163,250000.0,ARe
1164,850000.0,ARe
1164,850000.0,BRe
1164,850000.0,BRe
1165,1.15e6,CRe
1165,1.15e6,BRe
1165,1.15e6,CRe
1166,800000.0,CRe
1166,800000.0,BRe
1167,1.15e6,CRe
1167,1.15e6,BRe
1167,1.15e6,CRe
1168,316666.6666666667,BRe
1168,316666.6666666667,BRe
1168,316666.6666666667,BRe
1170,3.45e6,BRe
1173,850000.0,BRe
1173,850000.0,BRe
1174,200000.0,BRe
1174,200000.0,BRe
1176,925000.0,CRe
1176,925000.0,CRe
1178,733333.3333333334,ARe
1178,733333.3333333334,ARe
1178,733333.3333333334,CRe
1179,1.325e6,BRe
1179,1.325e6,CRe
1180,1.175e6,CRe
1180,1.175e6,CRe
1181,66666.66666666667,ARe
1181,66666.66666666667,ARe
1181,66666.66666666667,ARe
1182,1.0e6,CRe
1182,1.0e6,CRe
1182,1.0e6,CRe
1183,716666.6666666666,ARe
1183,716666.6666666666,BRe
1183,716666.6666666666,BRe
1184,100000.0,ARe
1184,100000.0,ARe
1184,100000.0,CRe
1185,350000.0,ARe
1187,733333.3333333334,ARe
1187,733333.3333333334,ARe
1187,733333.3333333334,BRe
1188,1.675e6,BRe
1188,1.675e6,CRe
1191,566666.6666666666,ARe
1191,566666.6666666666,ARe
1191,566666.6666666666,BRe
1192,1.65e6,BRe
1192,1.65e6,CRe
1193,1.85e6,CRe
1195,2.1e6,BRe
1196,1.125e6,CRe
1196,1.125e6,ARe
1197,1.825e6,CRe
1197,1.825e6,CRe
1198,775000.0,CRe
1198,775000.0,BRe
1199,450000.0,ARe
1199,450000.0,ARe
1199,450000.0,CRe
1200,233333.33333333334,BRe
1200,233333.33333333334,ARe
1200,233333.33333333334,CRe
1202,3.8e6,ARe
1203,550000.0,CRe
1204,2.0e6,BRe
1204,2.0e6,CRe
1206,1.2333333333333333e6,BRe
1206,1.2333333333333333e6,BRe
1206,1.2333333333333333e6,ARe
1207,933333.3333333334,CRe
1207,933333.3333333334,CRe
1207,933333.3333333334,CRe
1209,1.525e6,CRe
1209,1.525e6,BRe
1211,4.0e6,CRe
1212,1.975e6,BRe
1212,1.975e6,BRe
1213,333333.3333333333,BRe
1213,333333.3333333333,ARe
1213,333333.3333333333,CRe
1214,600000.0,BRe
1214,600000.0,ARe
1214,600000.0,ARe
1215,900000.0,CRe
1216,500000.0,BRe
1216,500000.0,ARe
1217,150000.0,CRe
1218,3.05e6,CRe
1219,1.575e6,ARe
1219,1.575e6,CRe
1220,25000.0,ARe
1220,25000.0,ARe
1221,316666.6666666667,BRe
1221,316666.6666666667,CRe
1221,316666.6666666667,BRe
1222,1.475e6,ARe
1222,1.475e6,BRe
1225,300000.0,BRe
1225,300000.0,ARe
1225,300000.0,BRe
1226,1.15e6,ARe
1226,1.15e6,CRe
1227,3.9e6,CRe
1228,1.45e6,BRe
1229,450000.0,CRe
1230,216666.66666666666,BRe
1230,216666.66666666666,BRe
1230,216666.66666666666,CRe
1232,1.575e6,CRe
1232,1.575e6,CRe
1237,1.975e6,BRe
1237,1.975e6,BRe
1238,3.7e6,BRe
1239,1.9e6,BRe
1239,1.9e6,ARe
1241,850000.0,ARe
1241,850000.0,ARe
1241,850000.0,BRe
1243,2.9e6,BRe
1248,775000.0,ARe
1248,775000.0,CRe
1249,1.75e6,ARe
1249,1.75e6,ARe
1250,1.3166666666666667e6,ARe
1250,1.3166666666666667e6,CRe
1250,1.3166666666666667e6,ARe
1252,200000.0,CRe
1252,200000.0,CRe
1252,200000.0,BRe
1253,66666.66666666667,BRe
1253,66666.66666666667,ARe
1253,66666.66666666667,BRe
1255,500000.0,BRe
1256,275000.0,ARe
1256,275000.0,ARe
1258,2.5e6,ARe
1259,3.25e6,CRe
1260,933333.3333333334,BRe
1260,933333.3333333334,CRe
1260,933333.3333333334,BRe
1261,1.5e6,ARe
1262,1.875e6,CRe
1262,1.875e6,CRe
1263,625000.0,BRe
1263,625000.0,CRe
1264,16666.666666666668,CRe
1264,16666.666666666668,ARe
1264,16666.666666666668,ARe
1265,2.75e6,ARe
1266,1.2333333333333333e6,ARe
1266,1.2333333333333333e6,BRe
1266,1.2333333333333333e6,ARe
1267,783333.3333333334,BRe
1267,783333.3333333334,ARe
1267,783333.3333333334,BRe
1268,1.2666666666666667e6,CRe
1268,1.2666666666666667e6,CRe
1268,1.2666666666666667e6,ARe
1269,1.375e6,ARe
1269,1.375e6,ARe
1270,1.1e6,CRe
1271,1.15e6,ARe
1271,1.15e6,ARe
1272,616666.6666666666,ARe
1272,616666.6666666666,ARe
1272,616666.6666666666,CRe
1273,225000.0,BRe
1273,225000.0,BRe
1274,200000.0,BRe
1274,200000.0,CRe
1275,800000.0,BRe
1275,800000.0,ARe
1275,800000.0,CRe
1276,1.675e6,BRe
1276,1.675e6,ARe
1277,916666.6666666666,ARe
1277,916666.6666666666,BRe
1277,916666.6666666666,CRe
1278,1.3333333333333333e6,BRe
1278,1.3333333333333333e6,ARe
1278,1.3333333333333333e6,CRe
1279,350000.0,BRe
1279,350000.0,ARe
1280,400000.0,BRe
1281,1.95e6,CRe
1282,150000.0,CRe
1282,150000.0,ARe
1282,150000.0,ARe
1283,633333.3333333334,BRe
1283,633333.3333333334,BRe
1283,633333.3333333334,CRe
1285,1.15e6,CRe
1285,1.15e6,CRe
1286,300000.0,ARe
1286,300000.0,CRe
1288,1.15e6,CRe
1289,1.1166666666666667e6,ARe
1289,1.1166666666666667e6,ARe
1289,1.1166666666666667e6,BRe
1290,1.3e6,ARe
1290,1.3e6,ARe
1292,866666.6666666666,CRe
1292,866666.6666666666,BRe
1292,866666.6666666666,ARe
1293,875000.0,ARe
1293,875000.0,BRe
1294,2.1e6,BRe
1295,2.45e6,CRe
1296,750000.0,ARe
1296,750000.0,BRe
1297,1.7e6,BRe
1297,1.7e6,ARe
1299,1.975e6,ARe
1299,1.975e6,CRe
1300,3.3e6,BRe
1302,700000.0,ARe
1302,700000.0,CRe
1303,250000.0,ARe
1303,250000.0,ARe
1303,250000.0,BRe
1304,1.0833333333333333e6,ARe
1304,1.0833333333333333e6,BRe
1304,1.0833333333333333e6,BRe
1305,2.5e6,BRe
1306,1.725e6,ARe
1306,1.725e6,ARe
1308,83333.33333333333,BRe
1308,83333.33333333333,BRe
1308,83333.33333333333,ARe
1309,200000.0,ARe
1309,200000.0,BRe
1310,1.425e6,BRe
1310,1.425e6,BRe
1311,1.575e6,CRe
1311,1.575e6,ARe
1312,500000.0,ARe
1312,500000.0,ARe
1313,3.1e6,BRe
1314,1.65e6,CRe
1314,1.65e6,ARe
1316,183333.33333333334,CRe
1316,183333.33333333334,CRe
1316,183333.33333333334,CRe
1318,1.2333333333333333e6,ARe
1318,1.2333333333333333e6,BRe
1318,1.2333333333333333e6,BRe
1319,2.85e6,ARe
1320,700000.0,BRe
1320,700000.0,ARe
1320,700000.0,BRe
1321,1.95e6,BRe
1323,450000.0,CRe
1325,1.625e6,ARe
1325,1.625e6,CRe
1326,1.325e6,ARe
1326,1.325e6,ARe
1327,1.825e6,ARe
1327,1.825e6,ARe
1328,150000.0,CRe
1331,275000.0,CRe
1331,275000.0,ARe
1333,1.925e6,CRe
1333,1.925e6,CRe
1334,275000.0,BRe
1334,275000.0,ARe
1335,2.25e6,BRe
1336,3.15e6,ARe
1337,100000.0,CRe
1337,100000.0,BRe
1337,100000.0,CRe
1338,100000.0,ARe
1338,100000.0,BRe
1338,100000.0,ARe
1340,1.1333333333333333e6,ARe
1340,1.1333333333333333e6,CRe
1340,1.1333333333333333e6,CRe
1341,1.325e6,ARe
1341,1.325e6,ARe
1342,1.075e6,ARe
1342,1.075e6,CRe
1343,875000.0,ARe
1343,875000.0,BRe
1344,766666.6666666666,CRe
1344,766666.6666666666,ARe
1344,766666.6666666666,BRe
1345,1.725e6,BRe
1345,1.725e6,ARe
1346,1.85e6,ARe
1347,483333.3333333333,CRe
1347,483333.3333333333,ARe
1347,483333.3333333333,CRe
1348,316666.6666666667,BRe
1348,316666.6666666667,CRe
1348,316666.6666666667,ARe
1349,1.65e6,CRe
1349,1.65e6,ARe
1350,1.95e6,ARe
1351,383333.3333333333,ARe
1351,383333.3333333333,ARe
1351,383333.3333333333,ARe
1352,775000.0,CRe
1352,775000.0,CRe
1353,1.15e6,CRe
1353,1.15e6,CRe
1355,1.0833333333333333e6,ARe
1355,1.0833333333333333e6,CRe
1355,1.0833333333333333e6,CRe
1356,1.0333333333333334e6,ARe
1356,1.0333333333333334e6,CRe
1356,1.0333333333333334e6,CRe
1358,733333.3333333334,ARe
1358,733333.3333333334,BRe
1358,733333.3333333334,ARe
1359,716666.6666666666,ARe
1359,716666.6666666666,BRe
1359,716666.6666666666,BRe
1360,816666.6666666666,BRe
1360,816666.6666666666,CRe
1360,816666.6666666666,BRe
1363,400000.0,ARe
1363,400000.0,ARe
1363,400000.0,CRe
1364,1.4e6,CRe
1366,1.3333333333333333e6,BRe
1366,1.3333333333333333e6,ARe
1366,1.3333333333333333e6,CRe
1367,1.725e6,CRe
1367,1.725e6,BRe
1368,3.9e6,ARe
1369,1.1833333333333333e6,BRe
1369,1.1833333333333333e6,ARe
1369,1.1833333333333333e6,BRe
1370,325000.0,CRe
1370,325000.0,ARe
1371,1.05e6,CRe
1371,1.05e6,CRe
1373,125000.0,CRe
1373,125000.0,BRe
1374,1.875e6,BRe
1374,1.875e6,BRe
1375,983333.3333333334,ARe
1375,983333.3333333334,CRe
1375,983333.3333333334,CRe
1376,116666.66666666667,BRe
1376,116666.66666666667,BRe
1376,116666.66666666667,ARe
1377,1.725e6,BRe
1377,1.725e6,BRe
1379,25000.0,CRe
1379,25000.0,CRe
1380,1.725e6,ARe
1380,1.725e6,BRe
1382,2.75e6,ARe
1383,733333.3333333334,BRe
1383,733333.3333333334,ARe
1383,733333.3333333334,ARe
1384,1.95e6,BRe
1386,766666.6666666666,BRe
1386,766666.6666666666,BRe
1386,766666.6666666666,CRe
1387,100000.0,ARe
1388,416666.6666666667,CRe
1388,416666.6666666667,ARe
1388,416666.6666666667,CRe
1390,1.825e6,ARe
1390,1.825e6,ARe
1391,1.15e6,ARe
1391,1.15e6,CRe
1392,200000.0,BRe
1392,200000.0,BRe
1392,200000.0,ARe
1393,1.1e6,CRe
1393,1.1e6,ARe
1393,1.1e6,BRe
1395,166666.66666666666,BRe
1395,166666.66666666666,CRe
1395,166666.66666666666,ARe
1396,2.8e6,BRe
1398,866666.6666666666,BRe
1398,866666.6666666666,ARe
1398,866666.6666666666,CRe
1399,783333.3333333334,ARe
1399,783333.3333333334,ARe
1399,783333.3333333334,BRe
1400,1.45e6,ARe
1402,483333.3333333333,ARe
1402,483333.3333333333,BRe
1402,483333.3333333333,CRe
1403,1.75e6,ARe
1404,300000.0,CRe
1406,2.2e6,ARe
1407,300000.0,CRe
1407,300000.0,CRe
1407,300000.0,BRe
1408,1.175e6,BRe
1408,1.175e6,ARe
1410,1.4e6,BRe
1411,300000.0,ARe
1412,550000.0,ARe
1413,275000.0,ARe
1413,275000.0,CRe
1416,1.925e6,CRe
1416,1.925e6,BRe
1417,700000.0,BRe
1418,433333.3333333333,BRe
1418,433333.3333333333,ARe
1418,433333.3333333333,CRe
1419,1.25e6,CRe
1420,1.85e6,BRe
1420,1.85e6,CRe
1421,475000.0,BRe
1421,475000.0,CRe
1422,216666.66666666666,BRe
1422,216666.66666666666,BRe
1422,216666.66666666666,BRe
1423,1.3e6,ARe
1423,1.3e6,ARe
1424,283333.3333333333,CRe
1424,283333.3333333333,CRe
1424,283333.3333333333,CRe
1425,4.0e6,CRe
1428,166666.66666666666,ARe
1428,166666.66666666666,BRe
1428,166666.66666666666,CRe
1429,3.75e6,ARe
1431,1.2166666666666667e6,CRe
1431,1.2166666666666667e6,ARe
1431,1.2166666666666667e6,BRe
1432,1.0666666666666667e6,BRe
1432,1.0666666666666667e6,BRe
1432,1.0666666666666667e6,BRe
1434,1.825e6,CRe
1434,1.825e6,ARe
1435,2.45e6,CRe
1436,1.125e6,CRe
1436,1.125e6,ARe
1437,950000.0,ARe
1437,950000.0,CRe
1439,3.35e6,ARe
1441,1.65e6,ARe
1442,575000.0,CRe
1442,575000.0,CRe
1443,416666.6666666667,CRe
1443,416666.6666666667,BRe
1443,416666.6666666667,BRe
1444,1.0e6,BRe
1447,3.1e6,ARe
1448,16666.666666666668,BRe
1448,16666.666666666668,BRe
1448,16666.666666666668,ARe
1449,883333.3333333334,CRe
1449,883333.3333333334,BRe
1449,883333.3333333334,BRe
1450,1.3e6,BRe
1450,1.3e6,CRe
1452,683333.3333333334,CRe
1452,683333.3333333334,CRe
1452,683333.3333333334,BRe
1454,150000.0,BRe
1454,150000.0,ARe
1454,150000.0,CRe
1455,1.2166666666666667e6,BRe
1455,1.2166666666666667e6,CRe
1455,1.2166666666666667e6,ARe
1456,50000.0,CRe
1457,25000.0,BRe
1457,25000.0,CRe
1458,1.15e6,ARe
1458,1.15e6,CRe
1458,1.15e6,BRe
1462,25000.0,CRe
1462,25000.0,CRe
1463,1.35e6,ARe
1465,900000.0,BRe
1466,966666.6666666666,CRe
1466,966666.6666666666,ARe
1466,966666.6666666666,BRe
1467,1.95e6,CRe
1468,1.1e6,CRe
1468,1.1e6,CRe
1468,1.1e6,ARe
1470,725000.0,BRe
1470,725000.0,BRe
1473,900000.0,ARe
1473,900000.0,BRe
1473,900000.0,CRe
1474,1.85e6,BRe
1474,1.85e6,CRe
1475,1.0666666666666667e6,CRe
1475,1.0666666666666667e6,CRe
1475,1.0666666666666667e6,BRe
1476,333333.3333333333,CRe
1476,333333.3333333333,BRe
1476,333333.3333333333,CRe
1477,3.6e6,CRe
1479,2.35e6,BRe
1480,1.35e6,ARe
1481,1.175e6,CRe
1481,1.175e6,BRe
1482,925000.0,BRe
1482,925000.0,BRe
1486,1.2e6,ARe
1486,1.2e6,CRe
1487,1.45e6,ARe
1487,1.45e6,CRe
1489,1.2e6,BRe
1490,1.45e6,ARe
1491,125000.0,ARe
1491,125000.0,BRe
1493,1.1e6,ARe
1494,650000.0,CRe
1495,83333.33333333333,CRe
1495,83333.33333333333,BRe
1495,83333.33333333333,BRe
1496,266666.6666666667,BRe
1496,266666.6666666667,ARe
1496,266666.6666666667,BRe
1497,1.725e6,CRe
1497,1.725e6,CRe
1498,800000.0,CRe
1498,800000.0,CRe
1498,800000.0,CRe
1500,525000.0,CRe
1500,525000.0,CRe
